location,name,freq,weighting,direction,n_stocks,n_stocks_min,date,ret
usa,be_me,monthly,vw_cap,1,13,4,1950-11-30,0.0507204461896352
usa,be_me,monthly,vw_cap,1,16,6,1950-12-31,0.0452731851353689
usa,be_me,monthly,vw_cap,1,21,8,1951-01-31,0.0149592955024429
usa,be_me,monthly,vw_cap,1,30,12,1951-02-28,-0.0154036139982851
usa,be_me,monthly,vw_cap,1,39,17,1951-03-31,0.0183924926623278
usa,be_me,monthly,vw_cap,1,45,19,1951-04-30,0.0347933903545274
usa,be_me,monthly,vw_cap,1,213,96,1951-05-31,0.00852962492432112
usa,be_me,monthly,vw_cap,1,220,98,1951-06-30,-0.0312567220014452
usa,be_me,monthly,vw_cap,1,224,100,1951-07-31,0.0177381278793321
usa,be_me,monthly,vw_cap,1,230,103,1951-08-31,0.0158166089571228
usa,be_me,monthly,vw_cap,1,234,105,1951-09-30,0.00183116290821906
usa,be_me,monthly,vw_cap,1,236,107,1951-10-31,0.0248149097676211
usa,be_me,monthly,vw_cap,1,236,106,1951-11-30,-0.00417325346659504
usa,be_me,monthly,vw_cap,1,238,107,1951-12-31,-0.0309437347347631
usa,be_me,monthly,vw_cap,1,239,107,1952-01-31,0.0123607110383355
usa,be_me,monthly,vw_cap,1,237,106,1952-02-29,0.0128582612359887
usa,be_me,monthly,vw_cap,1,237,107,1952-03-31,0.000232870167374381
usa,be_me,monthly,vw_cap,1,238,107,1952-04-30,0.0052999208058224
usa,be_me,monthly,vw_cap,1,239,108,1952-05-31,0.00044737384773353
usa,be_me,monthly,vw_cap,1,241,107,1952-06-30,-0.000816803323441445
usa,be_me,monthly,vw_cap,1,239,108,1952-07-31,0.011210081349572
usa,be_me,monthly,vw_cap,1,240,109,1952-08-31,0.00311301318645751
usa,be_me,monthly,vw_cap,1,240,108,1952-09-30,-0.0108776889342742
usa,be_me,monthly,vw_cap,1,241,109,1952-10-31,0.00894147117100402
usa,be_me,monthly,vw_cap,1,241,109,1952-11-30,0.00294904403304871
usa,be_me,monthly,vw_cap,1,242,110,1952-12-31,0.0121250177933468
usa,be_me,monthly,vw_cap,1,241,110,1953-01-31,0.0257495386014442
usa,be_me,monthly,vw_cap,1,241,110,1953-02-28,0.0045460883907412
usa,be_me,monthly,vw_cap,1,242,109,1953-03-31,0.012071483367173
usa,be_me,monthly,vw_cap,1,244,110,1953-04-30,0.00382988130105476
usa,be_me,monthly,vw_cap,1,244,111,1953-05-31,-0.00575951810060825
usa,be_me,monthly,vw_cap,1,243,110,1953-06-30,-0.00955421164804834
usa,be_me,monthly,vw_cap,1,241,109,1953-07-31,-0.00527764891190498
usa,be_me,monthly,vw_cap,1,242,111,1953-08-31,-0.0232391032548765
usa,be_me,monthly,vw_cap,1,244,111,1953-09-30,-0.026851420775345
usa,be_me,monthly,vw_cap,1,244,111,1953-10-31,0.00942143451032849
usa,be_me,monthly,vw_cap,1,243,111,1953-11-30,-0.00710710893893106
usa,be_me,monthly,vw_cap,1,242,109,1953-12-31,-0.0261936585052837
usa,be_me,monthly,vw_cap,1,243,110,1954-01-31,0.0479271579661381
usa,be_me,monthly,vw_cap,1,241,110,1954-02-28,-0.00572984877889606
usa,be_me,monthly,vw_cap,1,241,111,1954-03-31,-0.0117070960714999
usa,be_me,monthly,vw_cap,1,244,111,1954-04-30,-0.0295291327071278
usa,be_me,monthly,vw_cap,1,245,111,1954-05-31,0.02351941537393
usa,be_me,monthly,vw_cap,1,245,112,1954-06-30,-0.0166274491414305
usa,be_me,monthly,vw_cap,1,245,111,1954-07-31,0.0132745814378769
usa,be_me,monthly,vw_cap,1,243,110,1954-08-31,0.0104729710110714
usa,be_me,monthly,vw_cap,1,244,111,1954-09-30,-0.00321376743508499
usa,be_me,monthly,vw_cap,1,244,110,1954-10-31,-0.00599314871282666
usa,be_me,monthly,vw_cap,1,241,111,1954-11-30,0.00470552244587222
usa,be_me,monthly,vw_cap,1,239,110,1954-12-31,0.0532376409416171
usa,be_me,monthly,vw_cap,1,241,110,1955-01-31,0.0113078865502182
usa,be_me,monthly,vw_cap,1,242,109,1955-02-28,-0.0151654902557503
usa,be_me,monthly,vw_cap,1,240,108,1955-03-31,-0.0113182355080974
usa,be_me,monthly,vw_cap,1,241,109,1955-04-30,-0.00491572008046116
usa,be_me,monthly,vw_cap,1,229,104,1955-05-31,-0.0184781969298902
usa,be_me,monthly,vw_cap,1,226,102,1955-06-30,0.011947621949766
usa,be_me,monthly,vw_cap,1,227,102,1955-07-31,0.0233800921275077
usa,be_me,monthly,vw_cap,1,226,102,1955-08-31,-0.0167875183756536
usa,be_me,monthly,vw_cap,1,227,102,1955-09-30,-0.000803951718855986
usa,be_me,monthly,vw_cap,1,223,101,1955-10-31,0.00528275268734216
usa,be_me,monthly,vw_cap,1,224,101,1955-11-30,-0.0226146580161377
usa,be_me,monthly,vw_cap,1,225,101,1955-12-31,-0.0183886120385127
usa,be_me,monthly,vw_cap,1,223,102,1956-01-31,0.0324673609465593
usa,be_me,monthly,vw_cap,1,223,102,1956-02-29,-0.025291075376105
usa,be_me,monthly,vw_cap,1,224,102,1956-03-31,-0.0420125545492035
usa,be_me,monthly,vw_cap,1,227,102,1956-04-30,-0.02535712667571
usa,be_me,monthly,vw_cap,1,228,103,1956-05-31,-0.000114644395705327
usa,be_me,monthly,vw_cap,1,229,102,1956-06-30,-0.0361624633441812
usa,be_me,monthly,vw_cap,1,229,102,1956-07-31,-0.0100492212011342
usa,be_me,monthly,vw_cap,1,230,102,1956-08-31,0.010480311404813
usa,be_me,monthly,vw_cap,1,230,101,1956-09-30,0.0345931158577819
usa,be_me,monthly,vw_cap,1,228,101,1956-10-31,-0.00400104448826059
usa,be_me,monthly,vw_cap,1,231,102,1956-11-30,0.00936439828354586
usa,be_me,monthly,vw_cap,1,231,102,1956-12-31,-0.0204650282930268
usa,be_me,monthly,vw_cap,1,233,101,1957-01-31,0.0457208553702826
usa,be_me,monthly,vw_cap,1,231,101,1957-02-28,-0.0105219173143495
usa,be_me,monthly,vw_cap,1,233,103,1957-03-31,-0.00946559962377288
usa,be_me,monthly,vw_cap,1,231,101,1957-04-30,-0.0050677412481731
usa,be_me,monthly,vw_cap,1,234,104,1957-05-31,-0.0247167776790389
usa,be_me,monthly,vw_cap,1,234,103,1957-06-30,-0.0263504728140563
usa,be_me,monthly,vw_cap,1,234,103,1957-07-31,0.00592225046347426
usa,be_me,monthly,vw_cap,1,234,103,1957-08-31,0.0260714999377394
usa,be_me,monthly,vw_cap,1,234,104,1957-09-30,0.00731820367044192
usa,be_me,monthly,vw_cap,1,232,105,1957-10-31,-0.0122721377580092
usa,be_me,monthly,vw_cap,1,234,105,1957-11-30,-0.0349931125269311
usa,be_me,monthly,vw_cap,1,233,105,1957-12-31,-0.0349310521389772
usa,be_me,monthly,vw_cap,1,233,105,1958-01-31,0.0849892751708573
usa,be_me,monthly,vw_cap,1,235,104,1958-02-28,-0.0194357601753634
usa,be_me,monthly,vw_cap,1,235,105,1958-03-31,0.00203259133310174
usa,be_me,monthly,vw_cap,1,235,105,1958-04-30,-0.00919329031127081
usa,be_me,monthly,vw_cap,1,237,106,1958-05-31,0.0135762522101058
usa,be_me,monthly,vw_cap,1,236,106,1958-06-30,0.00427445595674268
usa,be_me,monthly,vw_cap,1,237,105,1958-07-31,0.0105834904564252
usa,be_me,monthly,vw_cap,1,236,106,1958-08-31,0.00427263816430204
usa,be_me,monthly,vw_cap,1,238,106,1958-09-30,0.0199541102991296
usa,be_me,monthly,vw_cap,1,238,106,1958-10-31,0.00122269275200883
usa,be_me,monthly,vw_cap,1,240,106,1958-11-30,-0.0166460641619348
usa,be_me,monthly,vw_cap,1,239,107,1958-12-31,-0.0114046727219681
usa,be_me,monthly,vw_cap,1,239,105,1959-01-31,0.0558921148817808
usa,be_me,monthly,vw_cap,1,240,106,1959-02-28,-0.00657564004293131
usa,be_me,monthly,vw_cap,1,241,106,1959-03-31,0.00796474867773051
usa,be_me,monthly,vw_cap,1,240,105,1959-04-30,-0.0329338124017716
usa,be_me,monthly,vw_cap,1,244,106,1959-05-31,0.0171080808974616
usa,be_me,monthly,vw_cap,1,243,106,1959-06-30,-0.0163831297460522
usa,be_me,monthly,vw_cap,1,243,106,1959-07-31,0.0206073895035684
usa,be_me,monthly,vw_cap,1,242,106,1959-08-31,0.00146749053664309
usa,be_me,monthly,vw_cap,1,242,105,1959-09-30,-0.00370357571850277
usa,be_me,monthly,vw_cap,1,243,106,1959-10-31,-0.0305882181207596
usa,be_me,monthly,vw_cap,1,242,106,1959-11-30,-0.0192048123671132
usa,be_me,monthly,vw_cap,1,243,106,1959-12-31,-0.000874561549018157
usa,be_me,monthly,vw_cap,1,244,106,1960-01-31,0.0162639296184257
usa,be_me,monthly,vw_cap,1,242,106,1960-02-29,-0.0323661991813458
usa,be_me,monthly,vw_cap,1,243,108,1960-03-31,-0.0386515020218335
usa,be_me,monthly,vw_cap,1,242,108,1960-04-30,-0.0144253710788297
usa,be_me,monthly,vw_cap,1,246,108,1960-05-31,-0.0536352855269981
usa,be_me,monthly,vw_cap,1,244,108,1960-06-30,0.0112732261153387
usa,be_me,monthly,vw_cap,1,244,108,1960-07-31,0.0359934114953007
usa,be_me,monthly,vw_cap,1,244,109,1960-08-31,0.0118028186834407
usa,be_me,monthly,vw_cap,1,245,110,1960-09-30,0.0194720665889783
usa,be_me,monthly,vw_cap,1,246,110,1960-10-31,-0.00471370306449514
usa,be_me,monthly,vw_cap,1,246,110,1960-11-30,-0.0353897757136799
usa,be_me,monthly,vw_cap,1,249,110,1960-12-31,0.0054156632629261
usa,be_me,monthly,vw_cap,1,256,111,1961-01-31,0.0615807567963983
usa,be_me,monthly,vw_cap,1,256,111,1961-02-28,-0.00609698281187315
usa,be_me,monthly,vw_cap,1,259,113,1961-03-31,0.00408064965046186
usa,be_me,monthly,vw_cap,1,262,112,1961-04-30,0.0102529255842821
usa,be_me,monthly,vw_cap,1,303,126,1961-05-31,0.0217672497987875
usa,be_me,monthly,vw_cap,1,304,126,1961-06-30,-0.00784471157910029
usa,be_me,monthly,vw_cap,1,304,124,1961-07-31,0.0035525154264128
usa,be_me,monthly,vw_cap,1,304,126,1961-08-31,-0.0244226072247955
usa,be_me,monthly,vw_cap,1,303,125,1961-09-30,-0.0183897487213932
usa,be_me,monthly,vw_cap,1,306,125,1961-10-31,-0.00349233455479426
usa,be_me,monthly,vw_cap,1,311,126,1961-11-30,-0.00654770931456604
usa,be_me,monthly,vw_cap,1,309,127,1961-12-31,0.0400512423882032
usa,be_me,monthly,vw_cap,1,312,129,1962-01-31,0.0555442327562804
usa,be_me,monthly,vw_cap,1,419,179,1962-02-28,0.0031621744707112
usa,be_me,monthly,vw_cap,1,456,198,1962-03-31,-0.00452712022681973
usa,be_me,monthly,vw_cap,1,455,199,1962-04-30,0.00766847832598366
usa,be_me,monthly,vw_cap,1,551,244,1962-05-31,0.0634092511977741
usa,be_me,monthly,vw_cap,1,552,245,1962-06-30,0.0160996133726512
usa,be_me,monthly,vw_cap,1,551,245,1962-07-31,-0.0269085610935254
usa,be_me,monthly,vw_cap,1,670,285,1962-08-31,0.0019507489236898
usa,be_me,monthly,vw_cap,1,661,281,1962-09-30,-0.00861832925948038
usa,be_me,monthly,vw_cap,1,670,280,1962-10-31,0.000122750639474978
usa,be_me,monthly,vw_cap,1,685,285,1962-11-30,0.0167338340901619
usa,be_me,monthly,vw_cap,1,697,282,1962-12-31,-0.0168180225221534
usa,be_me,monthly,vw_cap,1,700,281,1963-01-31,0.0288995701091422
usa,be_me,monthly,vw_cap,1,702,286,1963-02-28,0.00439270174101696
usa,be_me,monthly,vw_cap,1,708,288,1963-03-31,0.00915735521901186
usa,be_me,monthly,vw_cap,1,711,288,1963-04-30,0.0126383264339304
usa,be_me,monthly,vw_cap,1,765,311,1963-05-31,0.0203281731921655
usa,be_me,monthly,vw_cap,1,771,312,1963-06-30,-0.00870119335792119
usa,be_me,monthly,vw_cap,1,774,319,1963-07-31,-0.0105626297466752
usa,be_me,monthly,vw_cap,1,777,319,1963-08-31,-0.00614422474270213
usa,be_me,monthly,vw_cap,1,792,318,1963-09-30,0.00832566372121905
usa,be_me,monthly,vw_cap,1,794,317,1963-10-31,8.16938026660975e-05
usa,be_me,monthly,vw_cap,1,802,323,1963-11-30,0.0103456240242391
usa,be_me,monthly,vw_cap,1,796,318,1963-12-31,-0.0101446413126998
usa,be_me,monthly,vw_cap,1,813,321,1964-01-31,0.00682601094999088
usa,be_me,monthly,vw_cap,1,807,325,1964-02-29,0.0155498117120359
usa,be_me,monthly,vw_cap,1,808,323,1964-03-31,0.0371249061674963
usa,be_me,monthly,vw_cap,1,814,325,1964-04-30,-0.00119517623120103
usa,be_me,monthly,vw_cap,1,822,331,1964-05-31,-0.00149876231603526
usa,be_me,monthly,vw_cap,1,825,328,1964-06-30,0.00936768323964545
usa,be_me,monthly,vw_cap,1,829,325,1964-07-31,-0.00375916709162072
usa,be_me,monthly,vw_cap,1,840,329,1964-08-31,0.0131821830903698
usa,be_me,monthly,vw_cap,1,844,333,1964-09-30,0.0134008045425393
usa,be_me,monthly,vw_cap,1,852,336,1964-10-31,0.00909387936657923
usa,be_me,monthly,vw_cap,1,856,340,1964-11-30,-0.0176778050801829
usa,be_me,monthly,vw_cap,1,849,339,1964-12-31,-0.0211083693483429
usa,be_me,monthly,vw_cap,1,855,332,1965-01-31,-0.00656087061408205
usa,be_me,monthly,vw_cap,1,877,345,1965-02-28,-0.000175804355973516
usa,be_me,monthly,vw_cap,1,883,344,1965-03-31,0.0123311115285666
usa,be_me,monthly,vw_cap,1,890,347,1965-04-30,0.00534125970660183
usa,be_me,monthly,vw_cap,1,910,367,1965-05-31,-0.00424486791781005
usa,be_me,monthly,vw_cap,1,916,369,1965-06-30,0.00399704018385846
usa,be_me,monthly,vw_cap,1,924,368,1965-07-31,0.0107486597617571
usa,be_me,monthly,vw_cap,1,936,374,1965-08-31,-0.00740976324054745
usa,be_me,monthly,vw_cap,1,936,374,1965-09-30,7.38108031709574e-05
usa,be_me,monthly,vw_cap,1,942,377,1965-10-31,0.000437365007441251
usa,be_me,monthly,vw_cap,1,949,386,1965-11-30,-0.016031506249719
usa,be_me,monthly,vw_cap,1,956,390,1965-12-31,0.0216996943186852
usa,be_me,monthly,vw_cap,1,960,393,1966-01-31,0.0206332656311829
usa,be_me,monthly,vw_cap,1,1117,476,1966-02-28,-0.0194005650314051
usa,be_me,monthly,vw_cap,1,1114,490,1966-03-31,-0.0240265969991406
usa,be_me,monthly,vw_cap,1,1104,485,1966-04-30,-0.0225638576871549
usa,be_me,monthly,vw_cap,1,1161,533,1966-05-31,0.00839364716980738
usa,be_me,monthly,vw_cap,1,1180,528,1966-06-30,-0.0062182645915835
usa,be_me,monthly,vw_cap,1,1180,529,1966-07-31,0.00236130022257252
usa,be_me,monthly,vw_cap,1,1206,543,1966-08-31,0.0154080968230803
usa,be_me,monthly,vw_cap,1,1219,539,1966-09-30,0.000808989731086568
usa,be_me,monthly,vw_cap,1,1217,538,1966-10-31,0.0493462633843757
usa,be_me,monthly,vw_cap,1,1243,517,1966-11-30,-0.0509010258568114
usa,be_me,monthly,vw_cap,1,1233,512,1966-12-31,0.00121508199364852
usa,be_me,monthly,vw_cap,1,1236,506,1967-01-31,0.0438999048206452
usa,be_me,monthly,vw_cap,1,1245,534,1967-02-28,-0.0244361613987484
usa,be_me,monthly,vw_cap,1,1251,558,1967-03-31,-0.0165690631745292
usa,be_me,monthly,vw_cap,1,1258,555,1967-04-30,-0.0308192501494241
usa,be_me,monthly,vw_cap,1,1257,565,1967-05-31,0.00939495327798873
usa,be_me,monthly,vw_cap,1,1268,569,1967-06-30,-0.0207490973613483
usa,be_me,monthly,vw_cap,1,1256,581,1967-07-31,0.00805232186552091
usa,be_me,monthly,vw_cap,1,1255,587,1967-08-31,0.0209182918096727
usa,be_me,monthly,vw_cap,1,1268,596,1967-09-30,-0.0172041287504116
usa,be_me,monthly,vw_cap,1,1274,606,1967-10-31,-0.0292923604354217
usa,be_me,monthly,vw_cap,1,1259,599,1967-11-30,-0.0213440018588763
usa,be_me,monthly,vw_cap,1,1264,591,1967-12-31,-0.000596684305494866
usa,be_me,monthly,vw_cap,1,1257,583,1968-01-31,0.0719050380881354
usa,be_me,monthly,vw_cap,1,1390,689,1968-02-29,0.0493951011493215
usa,be_me,monthly,vw_cap,1,1383,684,1968-03-31,-0.0239453895439638
usa,be_me,monthly,vw_cap,1,1385,676,1968-04-30,-0.07589799025824
usa,be_me,monthly,vw_cap,1,1422,703,1968-05-31,-0.0318902322739947
usa,be_me,monthly,vw_cap,1,1413,684,1968-06-30,0.0479425975387288
usa,be_me,monthly,vw_cap,1,1419,687,1968-07-31,0.044223487170223
usa,be_me,monthly,vw_cap,1,1424,676,1968-08-31,0.00340799033825606
usa,be_me,monthly,vw_cap,1,1426,671,1968-09-30,0.00275563961898211
usa,be_me,monthly,vw_cap,1,1418,677,1968-10-31,0.0259433135168205
usa,be_me,monthly,vw_cap,1,1431,679,1968-11-30,0.00415454638436866
usa,be_me,monthly,vw_cap,1,1447,701,1968-12-31,0.00853251805240165
usa,be_me,monthly,vw_cap,1,1460,704,1969-01-31,0.0249962164285886
usa,be_me,monthly,vw_cap,1,1459,707,1969-02-28,0.0225109751844794
usa,be_me,monthly,vw_cap,1,1473,714,1969-03-31,-0.0182977071818323
usa,be_me,monthly,vw_cap,1,1471,726,1969-04-30,-0.0224482878051706
usa,be_me,monthly,vw_cap,1,1506,744,1969-05-31,-0.0165312333247263
usa,be_me,monthly,vw_cap,1,1504,726,1969-06-30,0.00153398545141355
usa,be_me,monthly,vw_cap,1,1531,715,1969-07-31,0.0109851257211346
usa,be_me,monthly,vw_cap,1,1552,716,1969-08-31,-0.0512176040324857
usa,be_me,monthly,vw_cap,1,1543,700,1969-09-30,-0.0382325645570063
usa,be_me,monthly,vw_cap,1,1544,672,1969-10-31,-0.0186909506324985
usa,be_me,monthly,vw_cap,1,1546,678,1969-11-30,-0.0225461047611225
usa,be_me,monthly,vw_cap,1,1565,670,1969-12-31,-0.0285665800442469
usa,be_me,monthly,vw_cap,1,1578,633,1970-01-31,0.0241517388112383
usa,be_me,monthly,vw_cap,1,1563,655,1970-02-28,0.0361874174103829
usa,be_me,monthly,vw_cap,1,1600,660,1970-03-31,0.0467668018056266
usa,be_me,monthly,vw_cap,1,1617,652,1970-04-30,0.0591596170197892
usa,be_me,monthly,vw_cap,1,1714,669,1970-05-31,0.0406197616165907
usa,be_me,monthly,vw_cap,1,1725,669,1970-06-30,-0.0367777998925277
usa,be_me,monthly,vw_cap,1,1732,651,1970-07-31,0.0185812907133364
usa,be_me,monthly,vw_cap,1,1703,617,1970-08-31,0.0237780340310935
usa,be_me,monthly,vw_cap,1,1720,624,1970-09-30,-0.0095993363159896
usa,be_me,monthly,vw_cap,1,1740,668,1970-10-31,-0.0250415282691317
usa,be_me,monthly,vw_cap,1,1762,638,1970-11-30,0.00467012655508137
usa,be_me,monthly,vw_cap,1,1802,618,1970-12-31,0.0317795810913281
usa,be_me,monthly,vw_cap,1,1800,609,1971-01-31,0.0407953765970452
usa,be_me,monthly,vw_cap,1,1728,635,1971-02-28,-0.0152558335657289
usa,be_me,monthly,vw_cap,1,1701,653,1971-03-31,-0.03027657893317
usa,be_me,monthly,vw_cap,1,1732,647,1971-04-30,-0.00605661097720939
usa,be_me,monthly,vw_cap,1,1749,692,1971-05-31,-0.0211740721245181
usa,be_me,monthly,vw_cap,1,1771,686,1971-06-30,-0.0253232663338875
usa,be_me,monthly,vw_cap,1,1785,672,1971-07-31,-0.00441984283547141
usa,be_me,monthly,vw_cap,1,1797,662,1971-08-31,0.00109707945029077
usa,be_me,monthly,vw_cap,1,1768,670,1971-09-30,-0.0327156865741995
usa,be_me,monthly,vw_cap,1,1822,682,1971-10-31,0.00180880622167909
usa,be_me,monthly,vw_cap,1,1832,675,1971-11-30,-0.0160020091786059
usa,be_me,monthly,vw_cap,1,1891,681,1971-12-31,-0.00617236393706595
usa,be_me,monthly,vw_cap,1,1864,672,1972-01-31,-0.00134589258324104
usa,be_me,monthly,vw_cap,1,1830,708,1972-02-29,-0.0454955301581399
usa,be_me,monthly,vw_cap,1,1841,744,1972-03-31,-0.011648596285517
usa,be_me,monthly,vw_cap,1,1832,716,1972-04-30,-0.00708654843250903
usa,be_me,monthly,vw_cap,1,1874,742,1972-05-31,-0.0502034574241621
usa,be_me,monthly,vw_cap,1,1877,730,1972-06-30,-0.0247603843121242
usa,be_me,monthly,vw_cap,1,1896,721,1972-07-31,0.00384545979982233
usa,be_me,monthly,vw_cap,1,1883,718,1972-08-31,0.0496306212986588
usa,be_me,monthly,vw_cap,1,1911,723,1972-09-30,-0.00570519566987677
usa,be_me,monthly,vw_cap,1,1935,723,1972-10-31,0.0123331339790208
usa,be_me,monthly,vw_cap,1,1946,694,1972-11-30,0.0556955448810346
usa,be_me,monthly,vw_cap,1,1977,690,1972-12-31,-0.0496974415400022
usa,be_me,monthly,vw_cap,1,2452,820,1973-01-31,0.00390669697948664
usa,be_me,monthly,vw_cap,1,2457,857,1973-02-28,0.0202722334400825
usa,be_me,monthly,vw_cap,1,2444,847,1973-03-31,0.0165395230995592
usa,be_me,monthly,vw_cap,1,2450,851,1973-04-30,0.0445785275146532
usa,be_me,monthly,vw_cap,1,2568,903,1973-05-31,-0.0232107191390094
usa,be_me,monthly,vw_cap,1,2584,874,1973-06-30,-0.00321125664417037
usa,be_me,monthly,vw_cap,1,2596,870,1973-07-31,-0.0254898164040674
usa,be_me,monthly,vw_cap,1,2525,870,1973-08-31,-0.00878900355228003
usa,be_me,monthly,vw_cap,1,2540,855,1973-09-30,0.0354800078019712
usa,be_me,monthly,vw_cap,1,2570,850,1973-10-31,0.00215019801057135
usa,be_me,monthly,vw_cap,1,2600,875,1973-11-30,-1.5249595141098e-05
usa,be_me,monthly,vw_cap,1,2595,828,1973-12-31,-0.00844007426737558
usa,be_me,monthly,vw_cap,1,2639,807,1974-01-31,0.124630356327268
usa,be_me,monthly,vw_cap,1,2603,853,1974-02-28,0.0333767261917928
usa,be_me,monthly,vw_cap,1,2591,841,1974-03-31,0.0168984174567929
usa,be_me,monthly,vw_cap,1,2568,852,1974-04-30,-0.000622588700898187
usa,be_me,monthly,vw_cap,1,2594,872,1974-05-31,-0.00360656471202779
usa,be_me,monthly,vw_cap,1,2617,868,1974-06-30,-0.016138724704894
usa,be_me,monthly,vw_cap,1,2607,886,1974-07-31,0.062494695904573
usa,be_me,monthly,vw_cap,1,2647,886,1974-08-31,0.0394034824446499
usa,be_me,monthly,vw_cap,1,2643,898,1974-09-30,0.0723763143260911
usa,be_me,monthly,vw_cap,1,2670,911,1974-10-31,-0.0914658849336357
usa,be_me,monthly,vw_cap,1,2686,870,1974-11-30,-0.00233267222734895
usa,be_me,monthly,vw_cap,1,2703,856,1974-12-31,-0.00552739936085205
usa,be_me,monthly,vw_cap,1,2742,836,1975-01-31,0.174418754847737
usa,be_me,monthly,vw_cap,1,2722,860,1975-02-28,-0.0344754715435232
usa,be_me,monthly,vw_cap,1,2759,861,1975-03-31,0.0019349829674726
usa,be_me,monthly,vw_cap,1,2694,849,1975-04-30,-0.0280149540145117
usa,be_me,monthly,vw_cap,1,2833,897,1975-05-31,-0.0014234686309392
usa,be_me,monthly,vw_cap,1,2831,891,1975-06-30,0.028386347236622
usa,be_me,monthly,vw_cap,1,2825,900,1975-07-31,0.0424121256074474
usa,be_me,monthly,vw_cap,1,2774,935,1975-08-31,0.00692455670650541
usa,be_me,monthly,vw_cap,1,2832,936,1975-09-30,0.0115182084142881
usa,be_me,monthly,vw_cap,1,2815,922,1975-10-31,-0.0108142080601529
usa,be_me,monthly,vw_cap,1,2811,896,1975-11-30,0.0129440090699411
usa,be_me,monthly,vw_cap,1,2822,888,1975-12-31,0.0260790902829009
usa,be_me,monthly,vw_cap,1,2826,888,1976-01-31,0.0714676049403754
usa,be_me,monthly,vw_cap,1,2786,925,1976-02-29,0.0502569707960862
usa,be_me,monthly,vw_cap,1,2757,958,1976-03-31,0.0148920168330674
usa,be_me,monthly,vw_cap,1,2740,954,1976-04-30,0.0178729117679651
usa,be_me,monthly,vw_cap,1,2802,962,1976-05-31,0.00614351580645089
usa,be_me,monthly,vw_cap,1,2816,948,1976-06-30,0.00546603080570088
usa,be_me,monthly,vw_cap,1,2871,934,1976-07-31,0.0331937570733261
usa,be_me,monthly,vw_cap,1,2679,935,1976-08-31,0.0197147310222746
usa,be_me,monthly,vw_cap,1,2699,948,1976-09-30,0.00867394392018806
usa,be_me,monthly,vw_cap,1,2873,946,1976-10-31,0.0103196135670987
usa,be_me,monthly,vw_cap,1,2898,954,1976-11-30,0.0203375665338444
usa,be_me,monthly,vw_cap,1,2947,951,1976-12-31,0.032441162494128
usa,be_me,monthly,vw_cap,1,2896,954,1977-01-31,0.0551254451296178
usa,be_me,monthly,vw_cap,1,2882,1009,1977-02-28,0.0104621937953339
usa,be_me,monthly,vw_cap,1,2877,1017,1977-03-31,0.0126715052211825
usa,be_me,monthly,vw_cap,1,2877,1014,1977-04-30,0.0287067927134718
usa,be_me,monthly,vw_cap,1,2931,1026,1977-05-31,0.00572125762845256
usa,be_me,monthly,vw_cap,1,2945,1032,1977-06-30,-0.0183918794018301
usa,be_me,monthly,vw_cap,1,2939,1024,1977-07-31,0.00832987944755757
usa,be_me,monthly,vw_cap,1,2916,1059,1977-08-31,-0.0248118330135993
usa,be_me,monthly,vw_cap,1,2890,1061,1977-09-30,-0.00568861895932037
usa,be_me,monthly,vw_cap,1,2890,1061,1977-10-31,0.0120851400204301
usa,be_me,monthly,vw_cap,1,2885,1072,1977-11-30,-0.00374439287074006
usa,be_me,monthly,vw_cap,1,2903,1072,1977-12-31,0.000584706697383821
usa,be_me,monthly,vw_cap,1,2875,1065,1978-01-31,0.0281492328116217
usa,be_me,monthly,vw_cap,1,2888,1119,1978-02-28,0.00449010313609315
usa,be_me,monthly,vw_cap,1,2880,1158,1978-03-31,0.0123260036766834
usa,be_me,monthly,vw_cap,1,2835,1157,1978-04-30,-0.0324864732695025
usa,be_me,monthly,vw_cap,1,2825,1148,1978-05-31,-0.0198444488118081
usa,be_me,monthly,vw_cap,1,2763,1151,1978-06-30,-0.00388875723494265
usa,be_me,monthly,vw_cap,1,2734,1158,1978-07-31,-0.0175095285113968
usa,be_me,monthly,vw_cap,1,2726,1141,1978-08-31,-0.0137225004372184
usa,be_me,monthly,vw_cap,1,2728,1179,1978-09-30,0.0334360666962673
usa,be_me,monthly,vw_cap,1,2750,1196,1978-10-31,0.0441274707478209
usa,be_me,monthly,vw_cap,1,2821,1158,1978-11-30,-0.0144274465128032
usa,be_me,monthly,vw_cap,1,2787,1151,1978-12-31,-0.0204753246121542
usa,be_me,monthly,vw_cap,1,2804,1123,1979-01-31,0.0284855979041439
usa,be_me,monthly,vw_cap,1,2888,1263,1979-02-28,0.011359364790865
usa,be_me,monthly,vw_cap,1,2884,1265,1979-03-31,-0.0101511792628784
usa,be_me,monthly,vw_cap,1,2886,1239,1979-04-30,-0.00874015929672819
usa,be_me,monthly,vw_cap,1,2898,1246,1979-05-31,0.0161527180317452
usa,be_me,monthly,vw_cap,1,2913,1257,1979-06-30,0.003056881296882
usa,be_me,monthly,vw_cap,1,2920,1228,1979-07-31,0.0128197300089349
usa,be_me,monthly,vw_cap,1,2905,1228,1979-08-31,-0.0204238859617297
usa,be_me,monthly,vw_cap,1,2910,1248,1979-09-30,-0.0225695314311056
usa,be_me,monthly,vw_cap,1,2889,1224,1979-10-31,-0.0185262985626602
usa,be_me,monthly,vw_cap,1,2856,1192,1979-11-30,-0.0467990288858679
usa,be_me,monthly,vw_cap,1,2874,1177,1979-12-31,-0.0331402369599735
usa,be_me,monthly,vw_cap,1,2843,1172,1980-01-31,-0.0359492007538512
usa,be_me,monthly,vw_cap,1,2788,1172,1980-02-29,-0.0518305812434887
usa,be_me,monthly,vw_cap,1,2795,1187,1980-03-31,0.076275384533036
usa,be_me,monthly,vw_cap,1,2780,1168,1980-04-30,0.0154068723163995
usa,be_me,monthly,vw_cap,1,2836,1183,1980-05-31,0.0130476195542496
usa,be_me,monthly,vw_cap,1,2836,1180,1980-06-30,-0.0264729720858693
usa,be_me,monthly,vw_cap,1,2888,1201,1980-07-31,-0.0545564319168255
usa,be_me,monthly,vw_cap,1,2887,1200,1980-08-31,-0.0337030037511414
usa,be_me,monthly,vw_cap,1,2853,1227,1980-09-30,-0.0485025692164846
usa,be_me,monthly,vw_cap,1,2835,1213,1980-10-31,-0.0349089614296628
usa,be_me,monthly,vw_cap,1,2868,1227,1980-11-30,-0.106199251524657
usa,be_me,monthly,vw_cap,1,2884,1218,1980-12-31,0.0548213714273023
usa,be_me,monthly,vw_cap,1,2915,1213,1981-01-31,0.0847901789628461
usa,be_me,monthly,vw_cap,1,2950,1287,1981-02-28,0.0175040415635306
usa,be_me,monthly,vw_cap,1,2948,1276,1981-03-31,0.0188452783925068
usa,be_me,monthly,vw_cap,1,2957,1291,1981-04-30,0.00927617222987082
usa,be_me,monthly,vw_cap,1,3027,1399,1981-05-31,-0.0192811340238049
usa,be_me,monthly,vw_cap,1,3057,1409,1981-06-30,0.0773532601223363
usa,be_me,monthly,vw_cap,1,3069,1454,1981-07-31,-0.0123035798151905
usa,be_me,monthly,vw_cap,1,3097,1483,1981-08-31,0.0305404261776796
usa,be_me,monthly,vw_cap,1,3079,1478,1981-09-30,0.036486872565976
usa,be_me,monthly,vw_cap,1,3068,1461,1981-10-31,-0.0635661432800515
usa,be_me,monthly,vw_cap,1,3099,1495,1981-11-30,0.0385649702786781
usa,be_me,monthly,vw_cap,1,3111,1478,1981-12-31,0.0124710426911292
usa,be_me,monthly,vw_cap,1,3103,1486,1982-01-31,0.0263010655445859
usa,be_me,monthly,vw_cap,1,3125,1517,1982-02-28,0.0507095678484718
usa,be_me,monthly,vw_cap,1,3114,1510,1982-03-31,0.0231286893190793
usa,be_me,monthly,vw_cap,1,3122,1519,1982-04-30,-0.0181317899708323
usa,be_me,monthly,vw_cap,1,3141,1547,1982-05-31,0.0107687424192192
usa,be_me,monthly,vw_cap,1,3146,1570,1982-06-30,-0.00247669926266119
usa,be_me,monthly,vw_cap,1,3125,1546,1982-07-31,-0.0169272867927162
usa,be_me,monthly,vw_cap,1,3145,1565,1982-08-31,0.0287217173267094
usa,be_me,monthly,vw_cap,1,3166,1503,1982-09-30,-0.00856459079920623
usa,be_me,monthly,vw_cap,1,3124,1443,1982-10-31,-0.0292878043972744
usa,be_me,monthly,vw_cap,1,3150,1480,1982-11-30,-0.0569446524154289
usa,be_me,monthly,vw_cap,1,3108,1434,1982-12-31,0.0171890292097812
usa,be_me,monthly,vw_cap,1,3056,1369,1983-01-31,-0.0043864306871911
usa,be_me,monthly,vw_cap,1,3075,1475,1983-02-28,-0.0114911590158148
usa,be_me,monthly,vw_cap,1,3046,1455,1983-03-31,0.0117154773145409
usa,be_me,monthly,vw_cap,1,3102,1516,1983-04-30,0.00670363251666883
usa,be_me,monthly,vw_cap,1,3149,1558,1983-05-31,-0.00686215084264928
usa,be_me,monthly,vw_cap,1,3142,1516,1983-06-30,-0.0393602215194673
usa,be_me,monthly,vw_cap,1,3163,1528,1983-07-31,0.0574649556374726
usa,be_me,monthly,vw_cap,1,3173,1473,1983-08-31,0.0586907237931063
usa,be_me,monthly,vw_cap,1,3229,1475,1983-09-30,0.0185715884258862
usa,be_me,monthly,vw_cap,1,3275,1562,1983-10-31,0.0682802337604705
usa,be_me,monthly,vw_cap,1,3348,1587,1983-11-30,-0.0105889497778166
usa,be_me,monthly,vw_cap,1,3339,1613,1983-12-31,0.0236730122056617
usa,be_me,monthly,vw_cap,1,3341,1618,1984-01-31,0.0767530566280719
usa,be_me,monthly,vw_cap,1,3415,1550,1984-02-29,0.0174987356273922
usa,be_me,monthly,vw_cap,1,3428,1562,1984-03-31,0.0186923127804028
usa,be_me,monthly,vw_cap,1,3460,1592,1984-04-30,-0.00701681371537782
usa,be_me,monthly,vw_cap,1,3486,1592,1984-05-31,0.00795666039696778
usa,be_me,monthly,vw_cap,1,3557,1612,1984-06-30,-0.0395691151420844
usa,be_me,monthly,vw_cap,1,3493,1613,1984-07-31,0.0146907668277471
usa,be_me,monthly,vw_cap,1,3581,1687,1984-08-31,-0.00227068628705693
usa,be_me,monthly,vw_cap,1,3578,1747,1984-09-30,0.049751113986644
usa,be_me,monthly,vw_cap,1,3569,1755,1984-10-31,0.0192431596400551
usa,be_me,monthly,vw_cap,1,3630,1762,1984-11-30,0.0381328409844368
usa,be_me,monthly,vw_cap,1,3650,1804,1984-12-31,0.000653098391585977
usa,be_me,monthly,vw_cap,1,3684,1800,1985-01-31,-0.0393016759673954
usa,be_me,monthly,vw_cap,1,3646,1819,1985-02-28,-0.00823917450858802
usa,be_me,monthly,vw_cap,1,3592,1788,1985-03-31,0.0274450122542944
usa,be_me,monthly,vw_cap,1,3615,1801,1985-04-30,0.0194168465629
usa,be_me,monthly,vw_cap,1,3630,1738,1985-05-31,-0.0135895319436431
usa,be_me,monthly,vw_cap,1,3619,1807,1985-06-30,-0.0052857730931325
usa,be_me,monthly,vw_cap,1,3647,1796,1985-07-31,-0.0009903554517934
usa,be_me,monthly,vw_cap,1,3618,1778,1985-08-31,0.0142138978631511
usa,be_me,monthly,vw_cap,1,3668,1794,1985-09-30,0.00509239056327544
usa,be_me,monthly,vw_cap,1,3672,1795,1985-10-31,0.00538788907123922
usa,be_me,monthly,vw_cap,1,3611,1731,1985-11-30,-0.0187528580061387
usa,be_me,monthly,vw_cap,1,3590,1675,1985-12-31,0.0030876051602529
usa,be_me,monthly,vw_cap,1,3590,1653,1986-01-31,-0.00111458837827282
usa,be_me,monthly,vw_cap,1,3573,1698,1986-02-28,-0.0114432933581496
usa,be_me,monthly,vw_cap,1,3584,1664,1986-03-31,-0.00621359256901328
usa,be_me,monthly,vw_cap,1,3600,1635,1986-04-30,-0.0374726657781218
usa,be_me,monthly,vw_cap,1,3642,1734,1986-05-31,-0.0189784999731461
usa,be_me,monthly,vw_cap,1,3649,1731,1986-06-30,-0.00709290650456219
usa,be_me,monthly,vw_cap,1,3651,1731,1986-07-31,0.0382883974217225
usa,be_me,monthly,vw_cap,1,3737,1800,1986-08-31,0.0560991698699791
usa,be_me,monthly,vw_cap,1,3792,1764,1986-09-30,0.04525612741917
usa,be_me,monthly,vw_cap,1,3801,1816,1986-10-31,-0.0206998427846172
usa,be_me,monthly,vw_cap,1,3770,1786,1986-11-30,0.00213960748839226
usa,be_me,monthly,vw_cap,1,3796,1802,1986-12-31,0.00887669159146355
usa,be_me,monthly,vw_cap,1,3801,1781,1987-01-31,-0.0392638994782728
usa,be_me,monthly,vw_cap,1,3773,1726,1987-02-28,-0.0477045175312231
usa,be_me,monthly,vw_cap,1,3826,1778,1987-03-31,0.00548008321839414
usa,be_me,monthly,vw_cap,1,3809,1798,1987-04-30,-0.00135106860471471
usa,be_me,monthly,vw_cap,1,3823,1866,1987-05-31,-0.00167620257120846
usa,be_me,monthly,vw_cap,1,3828,1864,1987-06-30,0.0131450872334966
usa,be_me,monthly,vw_cap,1,3869,1856,1987-07-31,-0.00677491371353529
usa,be_me,monthly,vw_cap,1,3928,1875,1987-08-31,-0.00527642515906469
usa,be_me,monthly,vw_cap,1,3958,1849,1987-09-30,-0.000360795401689318
usa,be_me,monthly,vw_cap,1,3940,1880,1987-10-31,0.0699548598610733
usa,be_me,monthly,vw_cap,1,3999,1877,1987-11-30,0.0223542354850125
usa,be_me,monthly,vw_cap,1,4029,1845,1987-12-31,-0.0491777836649456
usa,be_me,monthly,vw_cap,1,3975,1696,1988-01-31,0.0786695113959128
usa,be_me,monthly,vw_cap,1,3981,1769,1988-02-29,-0.0144430074471387
usa,be_me,monthly,vw_cap,1,3949,1713,1988-03-31,0.000879083858383908
usa,be_me,monthly,vw_cap,1,3913,1714,1988-04-30,0.00421935557997475
usa,be_me,monthly,vw_cap,1,3924,1764,1988-05-31,0.0286770372053921
usa,be_me,monthly,vw_cap,1,3936,1740,1988-06-30,-0.0019789886936676
usa,be_me,monthly,vw_cap,1,3903,1690,1988-07-31,0.018547039922509
usa,be_me,monthly,vw_cap,1,3894,1732,1988-08-31,0.0290829487673756
usa,be_me,monthly,vw_cap,1,3906,1736,1988-09-30,-0.00617463972879382
usa,be_me,monthly,vw_cap,1,3922,1721,1988-10-31,0.0167568118209893
usa,be_me,monthly,vw_cap,1,3935,1734,1988-11-30,0.00594912432707407
usa,be_me,monthly,vw_cap,1,3948,1698,1988-12-31,-0.0136300045392151
usa,be_me,monthly,vw_cap,1,3883,1665,1989-01-31,0.000274440089578394
usa,be_me,monthly,vw_cap,1,3881,1698,1989-02-28,0.00714075432126453
usa,be_me,monthly,vw_cap,1,3900,1707,1989-03-31,0.00198255125074338
usa,be_me,monthly,vw_cap,1,3879,1681,1989-04-30,-0.0122181792379649
usa,be_me,monthly,vw_cap,1,3916,1727,1989-05-31,-0.00968378373168176
usa,be_me,monthly,vw_cap,1,3882,1665,1989-06-30,0.0172968805948507
usa,be_me,monthly,vw_cap,1,3859,1675,1989-07-31,-0.0269495241902156
usa,be_me,monthly,vw_cap,1,3848,1652,1989-08-31,0.00716410544792118
usa,be_me,monthly,vw_cap,1,3849,1602,1989-09-30,-0.0167911689416832
usa,be_me,monthly,vw_cap,1,3851,1625,1989-10-31,-0.0115299211493279
usa,be_me,monthly,vw_cap,1,3867,1648,1989-11-30,-0.0159406255449552
usa,be_me,monthly,vw_cap,1,3878,1616,1989-12-31,0.000537968749769678
usa,be_me,monthly,vw_cap,1,3866,1565,1990-01-31,0.0107235734847194
usa,be_me,monthly,vw_cap,1,3862,1601,1990-02-28,0.0035785929351524
usa,be_me,monthly,vw_cap,1,3864,1596,1990-03-31,-0.0268052144021853
usa,be_me,monthly,vw_cap,1,3824,1552,1990-04-30,-0.0302034009271829
usa,be_me,monthly,vw_cap,1,3863,1631,1990-05-31,-0.0432028086601886
usa,be_me,monthly,vw_cap,1,3884,1594,1990-06-30,-0.0237421568381501
usa,be_me,monthly,vw_cap,1,3851,1605,1990-07-31,0.00736772915986786
usa,be_me,monthly,vw_cap,1,3848,1620,1990-08-31,0.0101205529562961
usa,be_me,monthly,vw_cap,1,3835,1619,1990-09-30,-0.00992452128787676
usa,be_me,monthly,vw_cap,1,3830,1599,1990-10-31,-0.0171448090530742
usa,be_me,monthly,vw_cap,1,3886,1608,1990-11-30,0.0138589189126738
usa,be_me,monthly,vw_cap,1,3900,1536,1990-12-31,-0.0040867439477781
usa,be_me,monthly,vw_cap,1,3870,1460,1991-01-31,0.00318345735852257
usa,be_me,monthly,vw_cap,1,3839,1462,1991-02-28,0.0155336082476206
usa,be_me,monthly,vw_cap,1,3816,1474,1991-03-31,-0.0184176771075947
usa,be_me,monthly,vw_cap,1,3778,1470,1991-04-30,0.0188864090191102
usa,be_me,monthly,vw_cap,1,3745,1532,1991-05-31,-0.00449761159494116
usa,be_me,monthly,vw_cap,1,3764,1525,1991-06-30,0.0184286294783012
usa,be_me,monthly,vw_cap,1,3793,1560,1991-07-31,-0.0186839652960906
usa,be_me,monthly,vw_cap,1,3826,1598,1991-08-31,-0.00442200927237093
usa,be_me,monthly,vw_cap,1,3858,1603,1991-09-30,-0.00136375430118394
usa,be_me,monthly,vw_cap,1,3874,1575,1991-10-31,-9.26255710597054e-05
usa,be_me,monthly,vw_cap,1,3876,1559,1991-11-30,-0.0141954543591442
usa,be_me,monthly,vw_cap,1,3883,1606,1991-12-31,-0.0676297607125409
usa,be_me,monthly,vw_cap,1,3886,1517,1992-01-31,0.0209502185860419
usa,be_me,monthly,vw_cap,1,3851,1594,1992-02-29,0.0282255592716695
usa,be_me,monthly,vw_cap,1,3856,1652,1992-03-31,0.0345419719705643
usa,be_me,monthly,vw_cap,1,3893,1671,1992-04-30,0.0678784199566626
usa,be_me,monthly,vw_cap,1,3973,1716,1992-05-31,0.0192053053172751
usa,be_me,monthly,vw_cap,1,3941,1689,1992-06-30,0.026340948840345
usa,be_me,monthly,vw_cap,1,3918,1657,1992-07-31,0.00279090873108477
usa,be_me,monthly,vw_cap,1,3916,1602,1992-08-31,-0.00573281350478338
usa,be_me,monthly,vw_cap,1,3932,1603,1992-09-30,-0.0105749163414992
usa,be_me,monthly,vw_cap,1,3929,1585,1992-10-31,-0.0189496104352187
usa,be_me,monthly,vw_cap,1,3959,1557,1992-11-30,-0.0276195524564075
usa,be_me,monthly,vw_cap,1,3913,1559,1992-12-31,0.0176023132193861
usa,be_me,monthly,vw_cap,1,3945,1586,1993-01-31,0.0286163388385414
usa,be_me,monthly,vw_cap,1,3915,1629,1993-02-28,0.073024015681585
usa,be_me,monthly,vw_cap,1,3988,1668,1993-03-31,0.00178160031233848
usa,be_me,monthly,vw_cap,1,4014,1659,1993-04-30,0.0267591716404949
usa,be_me,monthly,vw_cap,1,4076,1719,1993-05-31,-0.0339606414200789
usa,be_me,monthly,vw_cap,1,4047,1722,1993-06-30,0.0144314874544161
usa,be_me,monthly,vw_cap,1,4078,1710,1993-07-31,0.019987755799338
usa,be_me,monthly,vw_cap,1,4152,1754,1993-08-31,-0.0138912487507025
usa,be_me,monthly,vw_cap,1,4140,1753,1993-09-30,-0.0159432352906107
usa,be_me,monthly,vw_cap,1,4155,1753,1993-10-31,-0.0201566309282882
usa,be_me,monthly,vw_cap,1,4224,1801,1993-11-30,0.00621003357151149
usa,be_me,monthly,vw_cap,1,4218,1811,1993-12-31,-0.00241559963072788
usa,be_me,monthly,vw_cap,1,4294,1806,1994-01-31,0.0118003863422514
usa,be_me,monthly,vw_cap,1,4380,1876,1994-02-28,-0.00734085245819844
usa,be_me,monthly,vw_cap,1,4359,1843,1994-03-31,0.0190424554067212
usa,be_me,monthly,vw_cap,1,4357,1880,1994-04-30,0.0218578492421827
usa,be_me,monthly,vw_cap,1,4861,1915,1994-05-31,0.0143644711521234
usa,be_me,monthly,vw_cap,1,4853,1915,1994-06-30,0.0302321412806027
usa,be_me,monthly,vw_cap,1,4872,1928,1994-07-31,0.0100626295167769
usa,be_me,monthly,vw_cap,1,4920,1922,1994-08-31,-0.0259449531392378
usa,be_me,monthly,vw_cap,1,4945,1898,1994-09-30,-0.0233759322358459
usa,be_me,monthly,vw_cap,1,4921,1942,1994-10-31,-0.011922876203836
usa,be_me,monthly,vw_cap,1,4955,1906,1994-11-30,0.00367640332517487
usa,be_me,monthly,vw_cap,1,4964,1934,1994-12-31,-0.00810298855523551
usa,be_me,monthly,vw_cap,1,4996,1857,1995-01-31,0.0344088021966311
usa,be_me,monthly,vw_cap,1,4962,1895,1995-02-28,0.00234825293129024
usa,be_me,monthly,vw_cap,1,4944,1862,1995-03-31,-0.0259660775601004
usa,be_me,monthly,vw_cap,1,4955,1815,1995-04-30,0.016747292107189
usa,be_me,monthly,vw_cap,1,5005,1875,1995-05-31,0.0170255559202395
usa,be_me,monthly,vw_cap,1,5030,1869,1995-06-30,-0.0354686161025576
usa,be_me,monthly,vw_cap,1,4953,1812,1995-07-31,-0.0334334653080455
usa,be_me,monthly,vw_cap,1,5006,1843,1995-08-31,0.0165470635901405
usa,be_me,monthly,vw_cap,1,5024,1866,1995-09-30,-0.00411346839233867
usa,be_me,monthly,vw_cap,1,4993,1865,1995-10-31,-0.00241596686575997
usa,be_me,monthly,vw_cap,1,5042,1859,1995-11-30,-0.0031367293322391
usa,be_me,monthly,vw_cap,1,5098,1825,1995-12-31,0.011065317626317
usa,be_me,monthly,vw_cap,1,5177,1853,1996-01-31,0.000661827844439439
usa,be_me,monthly,vw_cap,1,5161,1880,1996-02-29,-0.0210059363697453
usa,be_me,monthly,vw_cap,1,5143,1853,1996-03-31,0.0125496432809673
usa,be_me,monthly,vw_cap,1,5160,1855,1996-04-30,-0.0464428637245494
usa,be_me,monthly,vw_cap,1,5238,1921,1996-05-31,-0.0250764636954557
usa,be_me,monthly,vw_cap,1,5229,1982,1996-06-30,0.0445501707117934
usa,be_me,monthly,vw_cap,1,5250,1997,1996-07-31,0.0493773380410393
usa,be_me,monthly,vw_cap,1,5260,1991,1996-08-31,-0.00806098539466564
usa,be_me,monthly,vw_cap,1,5299,1990,1996-09-30,-0.0382063192835562
usa,be_me,monthly,vw_cap,1,5303,1958,1996-10-31,0.0499821816625349
usa,be_me,monthly,vw_cap,1,5393,1943,1996-11-30,0.0223610517390468
usa,be_me,monthly,vw_cap,1,5470,1912,1996-12-31,0.0170448688424642
usa,be_me,monthly,vw_cap,1,5508,1902,1997-01-31,0.000198530680035076
usa,be_me,monthly,vw_cap,1,5484,1962,1997-02-28,0.055352934653211
usa,be_me,monthly,vw_cap,1,5488,1968,1997-03-31,0.0361142847885331
usa,be_me,monthly,vw_cap,1,5507,1974,1997-04-30,-0.0080526801412808
usa,be_me,monthly,vw_cap,1,5508,1946,1997-05-31,-0.0164822087615605
usa,be_me,monthly,vw_cap,1,5520,1867,1997-06-30,-0.00191240473200979
usa,be_me,monthly,vw_cap,1,5513,1872,1997-07-31,-0.0185063254533437
usa,be_me,monthly,vw_cap,1,5594,1884,1997-08-31,0.0116553861365799
usa,be_me,monthly,vw_cap,1,5562,1920,1997-09-30,-0.00204238109877581
usa,be_me,monthly,vw_cap,1,5569,1958,1997-10-31,0.0227808569798363
usa,be_me,monthly,vw_cap,1,5590,2040,1997-11-30,0.0148183991693959
usa,be_me,monthly,vw_cap,1,5618,2000,1997-12-31,0.0199972139010728
usa,be_me,monthly,vw_cap,1,5503,1866,1998-01-31,-0.00392059197437249
usa,be_me,monthly,vw_cap,1,5465,1865,1998-02-28,-0.0201977597136867
usa,be_me,monthly,vw_cap,1,5501,1844,1998-03-31,0.00210029709661919
usa,be_me,monthly,vw_cap,1,5380,1811,1998-04-30,-0.00401948053932336
usa,be_me,monthly,vw_cap,1,5399,1846,1998-05-31,0.0140159552763563
usa,be_me,monthly,vw_cap,1,5358,1826,1998-06-30,-0.0511980764943039
usa,be_me,monthly,vw_cap,1,5375,1773,1998-07-31,-0.0237701632528956
usa,be_me,monthly,vw_cap,1,5345,1761,1998-08-31,0.0488211244712834
usa,be_me,monthly,vw_cap,1,5341,1718,1998-09-30,-0.0110611476133909
usa,be_me,monthly,vw_cap,1,5374,1648,1998-10-31,-0.011805452799501
usa,be_me,monthly,vw_cap,1,5325,1557,1998-11-30,-0.0371404729959865
usa,be_me,monthly,vw_cap,1,5277,1590,1998-12-31,-0.0879010681450729
usa,be_me,monthly,vw_cap,1,5233,1513,1999-01-31,-0.0735495615375547
usa,be_me,monthly,vw_cap,1,5079,1557,1999-02-28,0.0150457312651757
usa,be_me,monthly,vw_cap,1,5038,1560,1999-03-31,-0.0279287496452487
usa,be_me,monthly,vw_cap,1,5048,1509,1999-04-30,0.0562858194886643
usa,be_me,monthly,vw_cap,1,5108,1540,1999-05-31,0.050448508670448
usa,be_me,monthly,vw_cap,1,5085,1556,1999-06-30,-0.0538557869846088
usa,be_me,monthly,vw_cap,1,5091,1533,1999-07-31,0.00606940130732862
usa,be_me,monthly,vw_cap,1,5064,1566,1999-08-31,-0.0265761820996598
usa,be_me,monthly,vw_cap,1,5010,1550,1999-09-30,-0.0440811358238425
usa,be_me,monthly,vw_cap,1,4992,1517,1999-10-31,-0.0682606461707952
usa,be_me,monthly,vw_cap,1,5024,1475,1999-11-30,-0.121285990803654
usa,be_me,monthly,vw_cap,1,4992,1509,1999-12-31,-0.16005929199443
usa,be_me,monthly,vw_cap,1,4918,1448,2000-01-31,-0.0366594426139181
usa,be_me,monthly,vw_cap,1,4880,1492,2000-02-29,-0.292028366257901
usa,be_me,monthly,vw_cap,1,4764,1450,2000-03-31,0.204912519215824
usa,be_me,monthly,vw_cap,1,4848,1432,2000-04-30,0.17093783181398
usa,be_me,monthly,vw_cap,1,5012,1471,2000-05-31,0.124649896156874
usa,be_me,monthly,vw_cap,1,5058,1448,2000-06-30,-0.183174856398816
usa,be_me,monthly,vw_cap,1,4993,1420,2000-07-31,0.106071855528813
usa,be_me,monthly,vw_cap,1,5084,1443,2000-08-31,-0.0490069039989047
usa,be_me,monthly,vw_cap,1,5106,1444,2000-09-30,0.0617750545107973
usa,be_me,monthly,vw_cap,1,5058,1434,2000-10-31,0.0749299602696604
usa,be_me,monthly,vw_cap,1,5084,1392,2000-11-30,0.143939408303479
usa,be_me,monthly,vw_cap,1,5125,1351,2000-12-31,0.0245053199994835
usa,be_me,monthly,vw_cap,1,5174,1260,2001-01-31,0.0670908865324227
usa,be_me,monthly,vw_cap,1,5017,1373,2001-02-28,0.125307964507081
usa,be_me,monthly,vw_cap,1,5021,1338,2001-03-31,0.0603988528766003
usa,be_me,monthly,vw_cap,1,5045,1337,2001-04-30,-0.0458638295178416
usa,be_me,monthly,vw_cap,1,4949,1315,2001-05-31,0.0197432803176667
usa,be_me,monthly,vw_cap,1,4861,1312,2001-06-30,0.00958038902151267
usa,be_me,monthly,vw_cap,1,4841,1299,2001-07-31,0.0251495621039697
usa,be_me,monthly,vw_cap,1,4793,1331,2001-08-31,0.0258194279841173
usa,be_me,monthly,vw_cap,1,4718,1311,2001-09-30,-0.0023963994505235
usa,be_me,monthly,vw_cap,1,4689,1321,2001-10-31,-0.00157768548585871
usa,be_me,monthly,vw_cap,1,4617,1334,2001-11-30,-0.00781807698533532
usa,be_me,monthly,vw_cap,1,4591,1309,2001-12-31,0.0226183641616894
usa,be_me,monthly,vw_cap,1,4557,1286,2002-01-31,-0.000392672377039809
usa,be_me,monthly,vw_cap,1,4470,1317,2002-02-28,0.0443638787955325
usa,be_me,monthly,vw_cap,1,4467,1276,2002-03-31,0.0250523396135786
usa,be_me,monthly,vw_cap,1,4448,1287,2002-04-30,0.0304595033678043
usa,be_me,monthly,vw_cap,1,4358,1286,2002-05-31,-0.000299861402508143
usa,be_me,monthly,vw_cap,1,4283,1281,2002-06-30,-0.000352602599247936
usa,be_me,monthly,vw_cap,1,4301,1274,2002-07-31,-0.0361512368015778
usa,be_me,monthly,vw_cap,1,4251,1260,2002-08-31,0.0139685866985439
usa,be_me,monthly,vw_cap,1,4220,1225,2002-09-30,-0.044826235319691
usa,be_me,monthly,vw_cap,1,4125,1196,2002-10-31,-1.73897942430667e-05
usa,be_me,monthly,vw_cap,1,4183,1223,2002-11-30,0.0663500770007837
usa,be_me,monthly,vw_cap,1,4167,1251,2002-12-31,0.0144097300202321
usa,be_me,monthly,vw_cap,1,4132,1245,2003-01-31,-0.00485448575041664
usa,be_me,monthly,vw_cap,1,4059,1266,2003-02-28,-0.0142707350517361
usa,be_me,monthly,vw_cap,1,4000,1255,2003-03-31,-0.00680323556017535
usa,be_me,monthly,vw_cap,1,3980,1255,2003-04-30,0.0316684125056847
usa,be_me,monthly,vw_cap,1,3923,1265,2003-05-31,0.0317875143254693
usa,be_me,monthly,vw_cap,1,3917,1311,2003-06-30,0.00396546593032558
usa,be_me,monthly,vw_cap,1,3890,1337,2003-07-31,-0.00909408763613874
usa,be_me,monthly,vw_cap,1,3805,1372,2003-08-31,0.00336927389991679
usa,be_me,monthly,vw_cap,1,3784,1379,2003-09-30,0.0118223185027678
usa,be_me,monthly,vw_cap,1,3723,1413,2003-10-31,-0.00910866400443081
usa,be_me,monthly,vw_cap,1,3725,1456,2003-11-30,0.00730862276341314
usa,be_me,monthly,vw_cap,1,3746,1467,2003-12-31,0.0514472298678407
usa,be_me,monthly,vw_cap,1,3741,1491,2004-01-31,0.00368224339906494
usa,be_me,monthly,vw_cap,1,3709,1539,2004-02-29,0.0191298713209335
usa,be_me,monthly,vw_cap,1,3715,1520,2004-03-31,0.00679694347049596
usa,be_me,monthly,vw_cap,1,3721,1540,2004-04-30,0.0128384696258619
usa,be_me,monthly,vw_cap,1,3684,1552,2004-05-31,-0.00702132022196886
usa,be_me,monthly,vw_cap,1,3711,1509,2004-06-30,0.0148354851670205
usa,be_me,monthly,vw_cap,1,3711,1507,2004-07-31,0.0398354132099274
usa,be_me,monthly,vw_cap,1,3727,1458,2004-08-31,0.0166043507591888
usa,be_me,monthly,vw_cap,1,3709,1458,2004-09-30,-0.00428340852136849
usa,be_me,monthly,vw_cap,1,3755,1435,2004-10-31,-0.00489522201925373
usa,be_me,monthly,vw_cap,1,3692,1413,2004-11-30,0.0209374759025255
usa,be_me,monthly,vw_cap,1,3694,1432,2004-12-31,0.000441405634187743
usa,be_me,monthly,vw_cap,1,3645,1453,2005-01-31,0.0044850280217684
usa,be_me,monthly,vw_cap,1,3632,1445,2005-02-28,0.0122203309926052
usa,be_me,monthly,vw_cap,1,3647,1421,2005-03-31,0.0128395686640231
usa,be_me,monthly,vw_cap,1,3675,1432,2005-04-30,0.00510964756473052
usa,be_me,monthly,vw_cap,1,3667,1430,2005-05-31,-0.00819218574431947
usa,be_me,monthly,vw_cap,1,3653,1400,2005-06-30,0.01579290817554
usa,be_me,monthly,vw_cap,1,3637,1408,2005-07-31,-0.00672126839246444
usa,be_me,monthly,vw_cap,1,3666,1420,2005-08-31,0.00347074431637869
usa,be_me,monthly,vw_cap,1,3660,1424,2005-09-30,0.000537678084131832
usa,be_me,monthly,vw_cap,1,3638,1398,2005-10-31,-0.00324442013559653
usa,be_me,monthly,vw_cap,1,3654,1406,2005-11-30,-0.00928326455568932
usa,be_me,monthly,vw_cap,1,3657,1386,2005-12-31,-0.00120475028694269
usa,be_me,monthly,vw_cap,1,3654,1411,2006-01-31,-0.0181581795563658
usa,be_me,monthly,vw_cap,1,3672,1427,2006-02-28,0.0132435902385743
usa,be_me,monthly,vw_cap,1,3634,1435,2006-03-31,-0.011121611845233
usa,be_me,monthly,vw_cap,1,3592,1433,2006-04-30,0.0103334091455615
usa,be_me,monthly,vw_cap,1,3573,1438,2006-05-31,0.0296194410322645
usa,be_me,monthly,vw_cap,1,3553,1426,2006-06-30,0.00419176802136164
usa,be_me,monthly,vw_cap,1,3580,1419,2006-07-31,0.0282251138222865
usa,be_me,monthly,vw_cap,1,3562,1406,2006-08-31,0.00223833258889723
usa,be_me,monthly,vw_cap,1,3553,1399,2006-09-30,-0.000931596428194665
usa,be_me,monthly,vw_cap,1,3519,1368,2006-10-31,0.00152128956251346
usa,be_me,monthly,vw_cap,1,3539,1387,2006-11-30,-0.000468239648742069
usa,be_me,monthly,vw_cap,1,3564,1378,2006-12-31,0.0174725143834069
usa,be_me,monthly,vw_cap,1,3577,1390,2007-01-31,-0.00998918397018545
usa,be_me,monthly,vw_cap,1,3536,1368,2007-02-28,0.00652819567812292
usa,be_me,monthly,vw_cap,1,3559,1389,2007-03-31,-0.00130397460980624
usa,be_me,monthly,vw_cap,1,3542,1365,2007-04-30,-0.00302051867163557
usa,be_me,monthly,vw_cap,1,3548,1356,2007-05-31,-0.00597210155645855
usa,be_me,monthly,vw_cap,1,3574,1336,2007-06-30,-0.00794319193741089
usa,be_me,monthly,vw_cap,1,3608,1349,2007-07-31,-0.0353572666271907
usa,be_me,monthly,vw_cap,1,3584,1333,2007-08-31,-0.0162919385893767
usa,be_me,monthly,vw_cap,1,3588,1301,2007-09-30,-0.0304177117249362
usa,be_me,monthly,vw_cap,1,3560,1275,2007-10-31,-0.0408714700233284
usa,be_me,monthly,vw_cap,1,3629,1245,2007-11-30,-0.0179619663007707
usa,be_me,monthly,vw_cap,1,3629,1197,2007-12-31,-0.0297946693711638
usa,be_me,monthly,vw_cap,1,3614,1192,2008-01-31,0.0619227713527607
usa,be_me,monthly,vw_cap,1,3582,1236,2008-02-29,-0.0299944885020666
usa,be_me,monthly,vw_cap,1,3563,1226,2008-03-31,-0.00757946061642033
usa,be_me,monthly,vw_cap,1,3549,1189,2008-04-30,-0.0113915465739348
usa,be_me,monthly,vw_cap,1,3582,1172,2008-05-31,-0.0300401801821812
usa,be_me,monthly,vw_cap,1,3615,1163,2008-06-30,-0.0753712487506304
usa,be_me,monthly,vw_cap,1,3574,1138,2008-07-31,0.0487092171190719
usa,be_me,monthly,vw_cap,1,3549,1156,2008-08-31,0.031988299641077
usa,be_me,monthly,vw_cap,1,3579,1153,2008-09-30,0.0297302339197106
usa,be_me,monthly,vw_cap,1,3546,1150,2008-10-31,-0.0346354970946868
usa,be_me,monthly,vw_cap,1,3503,1089,2008-11-30,-0.0359016822416197
usa,be_me,monthly,vw_cap,1,3510,1042,2008-12-31,0.0308202420291179
usa,be_me,monthly,vw_cap,1,3505,1024,2009-01-31,-0.044243523478864
usa,be_me,monthly,vw_cap,1,3430,1047,2009-02-28,-0.0616016925663094
usa,be_me,monthly,vw_cap,1,3456,1039,2009-03-31,0.0337171738944652
usa,be_me,monthly,vw_cap,1,3416,1019,2009-04-30,0.143130889560742
usa,be_me,monthly,vw_cap,1,3347,1051,2009-05-31,0.0513967246415833
usa,be_me,monthly,vw_cap,1,3329,1073,2009-06-30,-0.00765463629021502
usa,be_me,monthly,vw_cap,1,3297,1075,2009-07-31,0.0324602793812757
usa,be_me,monthly,vw_cap,1,3312,1097,2009-08-31,0.0447366915918648
usa,be_me,monthly,vw_cap,1,3312,1107,2009-09-30,-0.00126254652232621
usa,be_me,monthly,vw_cap,1,3303,1119,2009-10-31,-0.0106437115301214
usa,be_me,monthly,vw_cap,1,3301,1150,2009-11-30,-0.00610150342027228
usa,be_me,monthly,vw_cap,1,3278,1127,2009-12-31,0.00659457822248959
usa,be_me,monthly,vw_cap,1,3274,1124,2010-01-31,0.0310110231038601
usa,be_me,monthly,vw_cap,1,3256,1155,2010-02-28,-0.0101057432947433
usa,be_me,monthly,vw_cap,1,3254,1164,2010-03-31,0.00914941902124723
usa,be_me,monthly,vw_cap,1,3228,1142,2010-04-30,0.0132506474591836
usa,be_me,monthly,vw_cap,1,3167,1147,2010-05-31,-0.0105799161138714
usa,be_me,monthly,vw_cap,1,3116,1121,2010-06-30,-0.00771136751790978
usa,be_me,monthly,vw_cap,1,3098,1109,2010-07-31,0.00899736808439312
usa,be_me,monthly,vw_cap,1,3120,1125,2010-08-31,-0.0187721191105902
usa,be_me,monthly,vw_cap,1,3148,1119,2010-09-30,-0.0120365000428659
usa,be_me,monthly,vw_cap,1,3111,1099,2010-10-31,-0.00839329428432085
usa,be_me,monthly,vw_cap,1,3105,1086,2010-11-30,-0.0184588623195159
usa,be_me,monthly,vw_cap,1,3110,1083,2010-12-31,0.0334857217730203
usa,be_me,monthly,vw_cap,1,3107,1078,2011-01-31,0.0139150958356025
usa,be_me,monthly,vw_cap,1,3138,1100,2011-02-28,-0.00604344768788212
usa,be_me,monthly,vw_cap,1,3132,1101,2011-03-31,-0.0135080215918238
usa,be_me,monthly,vw_cap,1,3121,1087,2011-04-30,-0.0140788874185286
usa,be_me,monthly,vw_cap,1,3130,1087,2011-05-31,-0.00662709408360677
usa,be_me,monthly,vw_cap,1,3122,1063,2011-06-30,-0.0137687801834631
usa,be_me,monthly,vw_cap,1,3093,1063,2011-07-31,-0.00751066611083963
usa,be_me,monthly,vw_cap,1,3111,1097,2011-08-31,-0.00996132408163641
usa,be_me,monthly,vw_cap,1,3120,1076,2011-09-30,-0.0197384826219073
usa,be_me,monthly,vw_cap,1,3082,1069,2011-10-31,0.0244292650759233
usa,be_me,monthly,vw_cap,1,3087,1046,2011-11-30,-0.00759668839164651
usa,be_me,monthly,vw_cap,1,3119,1045,2011-12-31,0.0149218865765169
usa,be_me,monthly,vw_cap,1,3095,1046,2012-01-31,-0.00436910426373383
usa,be_me,monthly,vw_cap,1,3089,1059,2012-02-29,0.00233650029474086
usa,be_me,monthly,vw_cap,1,3096,1049,2012-03-31,-0.0130158881713298
usa,be_me,monthly,vw_cap,1,3081,1055,2012-04-30,-0.0129961738353654
usa,be_me,monthly,vw_cap,1,3068,1047,2012-05-31,-0.00849826744408909
usa,be_me,monthly,vw_cap,1,3073,1051,2012-06-30,0.013291476437847
usa,be_me,monthly,vw_cap,1,3047,1046,2012-07-31,0.00832596125058945
usa,be_me,monthly,vw_cap,1,3051,1052,2012-08-31,0.00622543743541055
usa,be_me,monthly,vw_cap,1,3067,1050,2012-09-30,0.00888495909478646
usa,be_me,monthly,vw_cap,1,3033,1059,2012-10-31,0.027200958036533
usa,be_me,monthly,vw_cap,1,3044,1059,2012-11-30,-0.0187468239566199
usa,be_me,monthly,vw_cap,1,3044,1056,2012-12-31,0.0179182202889538
usa,be_me,monthly,vw_cap,1,3030,1043,2013-01-31,0.00781085126702
usa,be_me,monthly,vw_cap,1,3011,1046,2013-02-28,-0.00336091588216819
usa,be_me,monthly,vw_cap,1,3002,1039,2013-03-31,-0.00152487527184208
usa,be_me,monthly,vw_cap,1,2992,1030,2013-04-30,-0.00196996779732012
usa,be_me,monthly,vw_cap,1,2984,1026,2013-05-31,-0.00177471610154671
usa,be_me,monthly,vw_cap,1,2975,1034,2013-06-30,-0.00349805679923327
usa,be_me,monthly,vw_cap,1,2950,1024,2013-07-31,-0.00517526273831578
usa,be_me,monthly,vw_cap,1,2971,1049,2013-08-31,-0.0119294020258898
usa,be_me,monthly,vw_cap,1,2962,1061,2013-09-30,-0.0218569444671596
usa,be_me,monthly,vw_cap,1,2964,1073,2013-10-31,0.0164576364463277
usa,be_me,monthly,vw_cap,1,2976,1079,2013-11-30,-0.00158451792441138
usa,be_me,monthly,vw_cap,1,2959,1087,2013-12-31,-0.0076264729190205
usa,be_me,monthly,vw_cap,1,2967,1081,2014-01-31,-0.0087719990656813
usa,be_me,monthly,vw_cap,1,2946,1089,2014-02-28,-0.0132998152877582
usa,be_me,monthly,vw_cap,1,2932,1093,2014-03-31,0.0507143086949249
usa,be_me,monthly,vw_cap,1,2954,1116,2014-04-30,0.0330622715416823
usa,be_me,monthly,vw_cap,1,2967,1118,2014-05-31,-0.0117129809041859
usa,be_me,monthly,vw_cap,1,2974,1120,2014-06-30,0.0020374240676662
usa,be_me,monthly,vw_cap,1,2979,1117,2014-07-31,-0.000635700141829655
usa,be_me,monthly,vw_cap,1,2974,1130,2014-08-31,-0.0132833440185913
usa,be_me,monthly,vw_cap,1,2965,1107,2014-09-30,-0.0258313803233808
usa,be_me,monthly,vw_cap,1,2972,1110,2014-10-31,-0.0175143383549725
usa,be_me,monthly,vw_cap,1,2997,1103,2014-11-30,-0.0448216546924186
usa,be_me,monthly,vw_cap,1,3009,1091,2014-12-31,-0.000785262172329739
usa,be_me,monthly,vw_cap,1,2988,1087,2015-01-31,-0.0261578832487217
usa,be_me,monthly,vw_cap,1,2999,1098,2015-02-28,-0.0113776745292539
usa,be_me,monthly,vw_cap,1,3000,1090,2015-03-31,-0.0180111773435274
usa,be_me,monthly,vw_cap,1,2975,1075,2015-04-30,0.0423792183486469
usa,be_me,monthly,vw_cap,1,2965,1080,2015-05-31,-0.0289792022321754
usa,be_me,monthly,vw_cap,1,2980,1075,2015-06-30,-0.0147575465557767
usa,be_me,monthly,vw_cap,1,2991,1079,2015-07-31,-0.0503173525675538
usa,be_me,monthly,vw_cap,1,2990,1079,2015-08-31,0.0234978781133493
usa,be_me,monthly,vw_cap,1,2986,1080,2015-09-30,-0.00671777338536566
usa,be_me,monthly,vw_cap,1,2960,1060,2015-10-31,0.00479980747165532
usa,be_me,monthly,vw_cap,1,2975,1060,2015-11-30,-0.00833364531334541
usa,be_me,monthly,vw_cap,1,2997,1070,2015-12-31,-0.0285698705831615
usa,be_me,monthly,vw_cap,1,2955,1053,2016-01-31,0.0163791480475801
usa,be_me,monthly,vw_cap,1,2963,1037,2016-02-29,0.011011172362756
usa,be_me,monthly,vw_cap,1,2972,1029,2016-03-31,0.0344514173637577
usa,be_me,monthly,vw_cap,1,2926,1000,2016-04-30,0.0447506362011845
usa,be_me,monthly,vw_cap,1,2886,1025,2016-05-31,-0.0191941965805218
usa,be_me,monthly,vw_cap,1,2910,1021,2016-06-30,-0.0083156951263983
usa,be_me,monthly,vw_cap,1,2910,1016,2016-07-31,-0.00410275260705944
usa,be_me,monthly,vw_cap,1,2893,1062,2016-08-31,0.0174699334000682
usa,be_me,monthly,vw_cap,1,2872,1054,2016-09-30,0.00463776045048044
usa,be_me,monthly,vw_cap,1,2833,1047,2016-10-31,0.0295423067901504
usa,be_me,monthly,vw_cap,1,2855,1057,2016-11-30,0.0461185939451006
usa,be_me,monthly,vw_cap,1,2831,1049,2016-12-31,0.0299750061859147
usa,be_me,monthly,vw_cap,1,2829,1062,2017-01-31,-0.0132581209169917
usa,be_me,monthly,vw_cap,1,2836,1055,2017-02-28,-0.00956713289187552
usa,be_me,monthly,vw_cap,1,2814,1048,2017-03-31,-0.0204994956573152
usa,be_me,monthly,vw_cap,1,2803,1057,2017-04-30,-0.0197436053872062
usa,be_me,monthly,vw_cap,1,2776,1065,2017-05-31,-0.0388633507297582
usa,be_me,monthly,vw_cap,1,2788,1049,2017-06-30,0.017977562559417
usa,be_me,monthly,vw_cap,1,2786,1053,2017-07-31,0.00876455714696435
usa,be_me,monthly,vw_cap,1,2807,1069,2017-08-31,-0.0284668774740309
usa,be_me,monthly,vw_cap,1,2799,1061,2017-09-30,0.019170559872042
usa,be_me,monthly,vw_cap,1,2778,1063,2017-10-31,-0.0182143236777636
usa,be_me,monthly,vw_cap,1,2801,1074,2017-11-30,-0.00185808567685751
usa,be_me,monthly,vw_cap,1,2796,1056,2017-12-31,0.0062321191385496
usa,be_me,monthly,vw_cap,1,2776,1066,2018-01-31,-0.0408007370624317
usa,be_me,monthly,vw_cap,1,2796,1062,2018-02-28,-0.027271029887543
usa,be_me,monthly,vw_cap,1,2775,1061,2018-03-31,0.0118740721457964
usa,be_me,monthly,vw_cap,1,2766,1079,2018-04-30,0.0237793800366109
usa,be_me,monthly,vw_cap,1,2752,1081,2018-05-31,-0.0299424898893601
usa,be_me,monthly,vw_cap,1,2759,1075,2018-06-30,-0.00751598398200358
usa,be_me,monthly,vw_cap,1,2744,1070,2018-07-31,0.00474421791110046
usa,be_me,monthly,vw_cap,1,2783,1071,2018-08-31,-0.0535483544214013
usa,be_me,monthly,vw_cap,1,2797,1077,2018-09-30,-0.0124445300686295
usa,be_me,monthly,vw_cap,1,2783,1049,2018-10-31,0.0290029532697142
usa,be_me,monthly,vw_cap,1,2815,1068,2018-11-30,-0.0120629967414976
usa,be_me,monthly,vw_cap,1,2824,1047,2018-12-31,-0.0186430771849434
usa,be_me,monthly,vw_cap,1,2784,1008,2019-01-31,0.0116999483891269
usa,be_me,monthly,vw_cap,1,2816,1044,2019-02-28,-0.0298837861806825
usa,be_me,monthly,vw_cap,1,2808,1035,2019-03-31,-0.0274493836763706
usa,be_me,monthly,vw_cap,1,2790,1038,2019-04-30,0.0210297747334825
usa,be_me,monthly,vw_cap,1,2778,1041,2019-05-31,-0.0350776274044732
usa,be_me,monthly,vw_cap,1,2800,1027,2019-06-30,-0.00109286330797322
usa,be_me,monthly,vw_cap,1,2805,1024,2019-07-31,-0.0172427848924821
usa,be_me,monthly,vw_cap,1,2834,1043,2019-08-31,-0.0406124716611434
usa,be_me,monthly,vw_cap,1,2839,1025,2019-09-30,0.0700511401143929
usa,be_me,monthly,vw_cap,1,2839,1039,2019-10-31,-0.0152878231801508
usa,be_me,monthly,vw_cap,1,2864,1033,2019-11-30,-0.0207806746960914
usa,be_me,monthly,vw_cap,1,2859,1020,2019-12-31,0.0265759784859743
usa,be_me,monthly,vw_cap,1,2836,1023,2020-01-31,-0.0590087086381328
usa,be_me,monthly,vw_cap,1,2859,1032,2020-02-29,-0.0329238006499536
usa,be_me,monthly,vw_cap,1,2836,1034,2020-03-31,-0.140580344055919
usa,be_me,monthly,vw_cap,1,2815,1022,2020-04-30,0.0185375283426053
usa,be_me,monthly,vw_cap,1,2773,1017,2020-05-31,-0.067388882296777
usa,be_me,monthly,vw_cap,1,2764,1022,2020-06-30,-0.00468787136438889
usa,be_me,monthly,vw_cap,1,2771,1045,2020-07-31,-0.0424317832136954
usa,be_me,monthly,vw_cap,1,2794,1051,2020-08-31,-0.0074579584478968
usa,be_me,monthly,vw_cap,1,2800,1049,2020-09-30,-0.0380026837594369
usa,be_me,monthly,vw_cap,1,2791,1052,2020-10-31,0.0341163182254951
usa,be_me,monthly,vw_cap,1,2806,1056,2020-11-30,0.0547475824901522
usa,be_me,monthly,vw_cap,1,2791,1066,2020-12-31,-0.000409382738154128
usa,be_me,monthly,vw_cap,1,2759,1069,2021-01-31,0.00920491196999983
usa,be_me,monthly,vw_cap,1,2774,1097,2021-02-28,0.074342417784487
usa,be_me,monthly,vw_cap,1,2784,1136,2021-03-31,0.0899857908563314
usa,be_me,monthly,vw_cap,1,2796,1159,2021-04-30,-0.00223608266330424
usa,be_me,monthly,vw_cap,1,2877,1175,2021-05-31,0.0563441941029653
usa,be_me,monthly,vw_cap,1,2886,1192,2021-06-30,-0.0763601442802049
usa,be_me,monthly,vw_cap,1,2871,1196,2021-07-31,-0.0163681208967013
usa,be_me,monthly,vw_cap,1,2949,1143,2021-08-31,-0.00594392709464194
usa,be_me,monthly,vw_cap,1,2936,1153,2021-09-30,0.0404279147442435
usa,be_me,monthly,vw_cap,1,2930,1167,2021-10-31,-0.013680677005404
usa,be_me,monthly,vw_cap,1,3039,1173,2021-11-30,-0.00104925265017383
usa,be_me,monthly,vw_cap,1,3040,1149,2021-12-31,0.0446386917836199
usa,be_me,monthly,vw_cap,1,3084,1131,2022-01-31,0.128623758970038
usa,be_me,monthly,vw_cap,1,3183,1163,2022-02-28,0.0307767402775514
usa,be_me,monthly,vw_cap,1,3193,1151,2022-03-31,0.0051501859843305
usa,be_me,monthly,vw_cap,1,3162,1136,2022-04-30,0.0362414105951261
usa,be_me,monthly,vw_cap,1,3220,1114,2022-05-31,0.0679452205289421
usa,be_me,monthly,vw_cap,1,3283,1112,2022-06-30,-0.0223154572089542
usa,be_me,monthly,vw_cap,1,3248,1117,2022-07-31,-0.032466116337711
usa,be_me,monthly,vw_cap,1,3286,1156,2022-08-31,0.00104570258797787
usa,be_me,monthly,vw_cap,1,3248,1159,2022-09-30,-0.014071610533957
usa,be_me,monthly,vw_cap,1,3247,1141,2022-10-31,0.0382895005575373
usa,be_me,monthly,vw_cap,1,3267,1118,2022-11-30,0.00931059564273956
usa,be_me,monthly,vw_cap,1,3259,1088,2022-12-31,0.000422918898096626
